transaction_timestamp,transaction_id,machne_id,product,revenue
2019-01-02 13:59:54,NH6L4072,P005,strawberry smoothie,40
2019-01-02 11:16:13,RB3P6123,P001,soda,15
2019-01-04 18:02:29,TP2U5190,P003,strawberry smoothie,40
2019-01-05 04:23:11,DQ2D9020,P004,soda,15
2019-01-05 17:25:23,CO0N9877,P001,soda,15
2019-01-06 07:19:44,LN4F6759,P003,coffee,30
2019-01-10 07:01:55,ZG0M8643,P005,strawberry smoothie,40
2019-01-10 22:31:11,GZ4Y4423,P002,soda,15
2019-01-14 06:05:24,ER8M8854,P002,coffee,30
2019-01-16 13:04:14,H[0Q1320,P001,strawberry smoothie,40
2019-01-17 12:57:18,DM5Z1395,P005,coffee,30
2019-01-17 20:01:46,TL4B8398,P003,coffee,30
2019-01-17 20:24:37,TR4[1278,P002,strawberry smoothie,40
2019-01-17 11:08:08,KG2N5002,P003,soda,15
2019-01-18 15:22:39,YE9L3906,P004,coffee,30
2019-01-21 05:10:37,NS8D1247,P004,soda,15
2019-01-22 20:33:57,DX4Q1254,P002,coffee,30
2019-01-23 02:15:31,YS0B8207,P003,coffee,30
2019-01-24 21:32:16,MD2I2550,P002,strawberry smoothie,40
2019-01-25 14:10:32,RK6M2426,P005,coffee,30
2019-01-28 22:37:19,FM6R5176,P004,coffee,30
2019-02-03 00:54:34,JS0C1901,P004,soda,15
2019-02-07 01:43:18,N[6W7931,P004,soda,15
2019-02-08 21:18:11,NI0R7865,P003,soda,15
2019-02-08 08:45:12,MT5O4643,P002,coffee,30
2019-02-09 02:30:21,VV4W9687,P002,strawberry smoothie,40
2019-02-10 22:05:01,UH9P7684,P004,soda,15
2019-02-11 18:14:29,EL3G8658,P005,strawberry smoothie,40
2019-02-11 01:29:07,GO5Z5648,P005,coffee,30
2019-02-11 16:00:36,JK4J3664,P002,coffee,30
2019-02-11 06:58:53,JM8D4833,P003,strawberry smoothie,40
2019-02-11 21:35:32,VF5Z2600,P005,soda,15
2019-02-12 15:11:42,ZY7P9465,P004,strawberry smoothie,40
2019-02-12 16:20:31,PC7J4133,P005,soda,15
2019-02-14 00:18:09,VJ9O5373,P002,soda,15
2019-02-15 20:28:39,SB0[7070,P004,strawberry smoothie,40
2019-02-17 02:50:00,AN1T3676,P004,soda,15
2019-02-18 15:06:01,SL1L3001,P003,soda,15
2019-02-18 01:37:36,UM7K6947,P002,coffee,30
2019-02-22 15:47:33,CT3A7538,P002,strawberry smoothie,40
2019-02-23 17:11:19,XY1U3237,P003,coffee,30
2019-02-23 22:01:25,TO2K7862,P001,coffee,30
2019-02-26 22:54:11,WU5Q8696,P003,soda,15
2019-02-27 15:36:21,IU8L9962,P004,soda,15
2019-02-28 20:56:00,AJ8I9982,P001,strawberry smoothie,40
2019-02-28 15:10:29,GS2A9287,P003,coffee,30
2019-02-28 13:23:29,HJ9T7953,P001,soda,15
2019-03-01 04:23:23,JK0M2311,P001,coffee,30
2019-03-03 10:49:18,FH8W9050,P001,strawberry smoothie,40
2019-03-03 03:11:31,XW5U9012,P001,coffee,30
2019-03-06 18:22:37,EM8Y6337,P005,strawberry smoothie,40
2019-03-07 09:21:15,QP6X3168,P003,soda,15
2019-03-10 03:55:50,PP5W9775,P005,soda,15
2019-03-10 21:55:52,ZJ6J2155,P002,coffee,30
2019-03-10 18:49:41,VZ4R9889,P004,soda,15
2019-03-10 06:36:05,WI9X6685,P003,coffee,30
2019-03-11 09:12:51,KY7D2691,P001,soda,15
2019-03-12 22:42:29,JW5C8350,P005,strawberry smoothie,40
2019-03-13 16:24:20,TR6X5555,P003,soda,15
2019-03-15 17:54:58,RN1F8251,P001,coffee,30
2019-03-15 14:04:19,GH8P2781,P001,coffee,30
2019-03-17 18:41:16,PO8G9819,P004,soda,15
2019-03-21 02:41:50,FD1J5907,P003,soda,15
2019-03-21 04:24:34,BT5H4185,P005,strawberry smoothie,40
2019-03-22 03:22:40,PP4[8855,P002,coffee,30
2019-03-23 15:05:54,YD7L6512,P001,strawberry smoothie,40
2019-03-24 05:21:18,FT7D9696,P004,soda,15
2019-03-25 06:19:31,DO9Q5610,P001,coffee,30
2019-03-26 10:05:47,[V9S9232,P001,strawberry smoothie,40
2019-03-26 02:15:05,KF9B8662,P003,strawberry smoothie,40
2019-03-26 12:51:28,MD1[3441,P002,strawberry smoothie,40
2019-03-28 12:52:47,PH3D6377,P003,coffee,30
2019-03-28 16:46:15,HW6U1389,P004,strawberry smoothie,40
2019-03-30 03:02:35,OH3E1767,P001,coffee,30
2019-03-30 00:49:29,M[3G7221,P004,coffee,30
2019-03-30 07:21:46,PW4E5676,P004,coffee,30
2019-03-31 23:34:52,GM5L2680,P003,coffee,30
2019-03-31 20:31:24,FO7[8407,P002,soda,15
2019-04-02 14:06:21,TX4G7302,P003,coffee,30
2019-04-02 15:13:57,TS8Q3918,P002,strawberry smoothie,40
2019-04-03 17:34:51,WC1Q7128,P002,coffee,30
2019-04-03 10:39:46,RW3A1880,P002,soda,15
2019-04-04 01:15:11,KE8R4620,P002,coffee,30
2019-04-04 07:28:28,ML3C6516,P002,coffee,30
2019-04-05 12:35:17,BD7N8425,P001,coffee,30
2019-04-06 09:28:01,VM7Z5306,P005,coffee,30
2019-04-08 22:13:26,YB6L7201,P001,soda,15
2019-04-09 02:50:34,ST2K3798,P003,coffee,30
2019-04-10 14:30:04,M[7D9235,P001,soda,15
2019-04-10 23:30:13,QY9P6488,P004,soda,15
2019-04-10 20:06:50,TD4H6914,P001,coffee,30
2019-04-11 00:57:13,UP3H2781,P004,coffee,30
2019-04-11 15:16:28,AB1S8585,P003,soda,15
2019-04-12 06:21:00,BG0T6089,P004,coffee,30
2019-04-15 16:23:43,RW0K1252,P004,strawberry smoothie,40
2019-04-15 22:54:43,IM1J4885,P001,coffee,30
2019-04-16 09:54:12,NJ5W1494,P003,soda,15
2019-04-18 19:36:10,DC5C2825,P003,strawberry smoothie,40
2019-04-18 05:35:35,IX7S6267,P004,strawberry smoothie,40
2019-04-19 00:08:47,EC8A1736,P004,strawberry smoothie,40
2019-04-21 16:44:16,ER8N8696,P001,coffee,30
2019-04-22 01:28:44,U[3D2343,P001,strawberry smoothie,40
2019-04-25 23:35:03,AZ0L8622,P001,soda,15
2019-04-27 01:51:46,SG0J5735,P003,strawberry smoothie,40
2019-04-27 04:04:18,QS8O3655,P003,strawberry smoothie,40
2019-04-27 06:59:56,NT4M4282,P003,soda,15
2019-04-27 19:41:19,RE5P1980,P004,coffee,30
2019-04-27 04:10:52,GE1X9952,P003,coffee,30
2019-04-27 12:42:26,BG0H4613,P002,strawberry smoothie,40
2019-04-29 14:08:04,CA9K6190,P004,coffee,30
2019-04-29 17:16:55,TN8B1778,P004,soda,15
2019-04-29 16:20:22,WY6K7758,P005,coffee,30
2019-04-29 02:23:36,AR9W5826,P002,strawberry smoothie,40
2019-04-29 03:16:23,OQ4G6621,P005,strawberry smoothie,40
2019-05-01 10:16:54,WA0M7522,P002,soda,15
2019-05-03 17:41:01,DX7L2458,P001,soda,15
2019-05-05 08:04:39,YW3T8436,P002,coffee,30
2019-05-06 09:20:57,GL2A8340,P004,coffee,30
2019-05-06 14:16:04,UK5X5708,P001,soda,15
2019-05-07 03:29:39,DO0M5129,P004,soda,15
2019-05-07 22:01:19,CU3C6707,P002,strawberry smoothie,40
2019-05-10 19:09:22,BM0E3108,P002,strawberry smoothie,40
2019-05-16 21:38:25,DR2K2225,P005,soda,15
2019-05-17 02:57:14,BX6P6751,P001,coffee,30
2019-05-19 05:19:06,TJ6E3375,P004,coffee,30
2019-05-21 09:28:15,XN6L8883,P005,coffee,30
2019-05-22 12:32:04,VT6X3759,P001,soda,15
2019-05-22 11:58:36,MM2I4888,P004,soda,15
2019-05-23 07:59:00,NF8X9446,P005,soda,15
2019-05-24 14:26:04,ZT4X3900,P003,coffee,30
2019-05-24 19:02:36,VA6Z7624,P002,strawberry smoothie,40
2019-05-25 14:59:05,JV3X1635,P001,soda,15
2019-05-25 09:21:58,XZ0K2860,P001,strawberry smoothie,40
2019-05-27 09:33:53,QH1I8508,P005,soda,15
2019-05-27 08:32:38,BC3B7103,P003,coffee,30
2019-05-28 21:11:38,RU4A9262,P004,soda,15
2019-05-28 05:08:00,LV6R5164,P004,strawberry smoothie,40
2019-05-29 17:43:16,TQ4L5387,P002,soda,15
2019-05-29 13:56:16,VF7O6660,P002,coffee,30
2019-05-30 15:15:51,KS9B3408,P005,coffee,30
2019-06-01 12:26:22,MW9F3179,P001,soda,15
2019-06-01 09:16:49,YI6D4101,P002,coffee,30
2019-06-03 02:34:29,FH7D6597,P001,soda,15
2019-06-03 17:20:50,WP2E1929,P004,coffee,30
2019-06-03 09:39:53,NK5Q4741,P001,soda,15
2019-06-04 15:31:39,IZ4P8294,P001,coffee,30
2019-06-05 18:28:47,VY6W7145,P003,soda,15
2019-06-06 23:36:47,RW1K5798,P005,coffee,30
2019-06-09 14:48:44,IA7J8663,P002,soda,15
2019-06-09 23:13:37,WU9N8015,P004,strawberry smoothie,40
2019-06-10 15:42:05,RD0J8575,P001,soda,15
2019-06-12 07:23:27,QK3P9136,P005,soda,15
2019-06-13 06:57:49,WT7B4505,P003,strawberry smoothie,40
2019-06-13 11:54:35,FJ2Q1865,P002,soda,15
2019-06-15 09:49:35,KW9J2876,P005,strawberry smoothie,40
2019-06-16 10:31:27,ML0S4586,P004,strawberry smoothie,40
2019-06-16 00:53:42,[C7R7571,P002,strawberry smoothie,40
2019-06-16 07:30:13,TX0F9200,P001,coffee,30
2019-06-17 06:17:08,QC3H1136,P004,soda,15
2019-06-17 22:11:10,IX0I5747,P004,strawberry smoothie,40
2019-06-24 15:03:27,EN4X6277,P003,coffee,30
2019-06-25 10:01:42,KX3C2045,P001,soda,15
2019-06-26 13:22:01,ZS9Q9782,P001,strawberry smoothie,40
2019-06-27 13:06:21,AZ3R2352,P005,soda,15
2019-07-02 02:01:57,CY8J6394,P004,coffee,30
2019-07-03 18:44:23,QR9R7887,P002,strawberry smoothie,40
2019-07-03 13:45:57,XI1A4220,P004,strawberry smoothie,40
2019-07-04 20:56:35,IQ9V2556,P001,soda,15
2019-07-05 10:15:48,TT5[1944,P001,coffee,30
2019-07-06 02:52:19,OX8E3251,P001,coffee,30
2019-07-07 15:39:56,HT1W5476,P004,coffee,30
2019-07-10 00:08:16,RF1F8812,P002,soda,15
2019-07-11 14:37:56,YX5O4591,P005,soda,15
2019-07-12 07:56:22,HB6K9037,P005,coffee,30
2019-07-12 14:45:29,YA5S8936,P002,strawberry smoothie,40
2019-07-13 21:10:16,DB5O2524,P003,strawberry smoothie,40
2019-07-13 21:38:43,ZB4E3557,P001,soda,15
2019-07-13 02:03:40,RE3Y3631,P003,strawberry smoothie,40
2019-07-15 04:48:17,MO1E8769,P004,strawberry smoothie,40
2019-07-16 16:11:17,CF0A5459,P004,soda,15
2019-07-18 10:08:05,MZ3A7718,P005,coffee,30
2019-07-18 08:14:30,[M1V4904,P004,coffee,30
2019-07-19 14:41:39,EJ0M8340,P002,coffee,30
2019-07-19 06:13:27,NK3S6628,P002,coffee,30
2019-07-20 21:13:47,SL6Z2388,P002,strawberry smoothie,40
2019-07-20 15:47:39,RW8I4274,P002,soda,15
2019-07-21 03:05:14,SQ1N2045,P002,coffee,30
2019-07-22 16:47:20,WR4K6277,P003,strawberry smoothie,40
2019-07-24 07:19:06,KL1S4722,P002,strawberry smoothie,40
2019-07-24 18:35:38,CC2B6228,P003,coffee,30
2019-07-24 23:36:23,EA7Y5688,P004,coffee,30
2019-07-25 17:12:14,NQ8U9259,P001,soda,15
2019-07-26 05:21:17,KB4G7636,P003,soda,15
2019-07-28 04:52:26,ID8T4370,P002,coffee,30
2019-07-30 18:16:34,RO2S7050,P002,coffee,30
2019-07-30 23:01:07,IN7K6318,P003,strawberry smoothie,40
2019-07-31 16:42:07,UB7X5001,P003,coffee,30
2019-08-02 14:44:15,LA1Q7443,P003,soda,15
2019-08-02 11:45:46,HD4J9558,P001,strawberry smoothie,40
2019-08-02 18:36:07,SS7J1591,P003,coffee,30
2019-08-02 08:26:46,NZ2M6728,P002,soda,15
2019-08-03 01:00:14,WM7[1757,P004,soda,15
2019-08-05 23:10:09,ER7S7484,P005,soda,15
2019-08-06 02:11:17,MO1M5162,P003,strawberry smoothie,40
2019-08-07 19:19:24,IF6E2295,P004,soda,15
2019-08-07 21:25:01,HI7O1321,P005,coffee,30
2019-08-08 22:09:04,TG4B8869,P003,coffee,30
2019-08-11 18:51:26,WH3I2987,P002,strawberry smoothie,40
2019-08-11 16:31:55,UK5O7264,P001,strawberry smoothie,40
2019-08-11 21:26:00,CY9U9743,P004,strawberry smoothie,40
2019-08-12 01:34:54,KI5Y7399,P004,soda,15
2019-08-13 20:00:31,GL9X6469,P002,strawberry smoothie,40
2019-08-13 06:48:43,KU8S7860,P002,strawberry smoothie,40
2019-08-13 00:41:52,KD1O3174,P004,coffee,30
2019-08-17 12:15:48,RY7H5879,P005,strawberry smoothie,40
2019-08-19 17:24:09,LC6C2996,P003,coffee,30
2019-08-20 01:31:32,ZI3O6009,P001,strawberry smoothie,40
2019-08-27 11:56:07,OC1N8275,P003,strawberry smoothie,40
2019-08-27 13:27:03,JB7C4842,P005,soda,15
2019-08-29 03:27:23,IE4N7167,P001,strawberry smoothie,40
2019-09-01 22:25:55,DT8A9515,P003,coffee,30
2019-09-03 07:39:03,SB7Q9459,P003,strawberry smoothie,40
2019-09-03 00:39:46,JE8U1930,P002,coffee,30
2019-09-04 04:14:53,SK3W7761,P001,strawberry smoothie,40
2019-09-04 07:41:55,WZ9O9903,P004,strawberry smoothie,40
2019-09-05 08:04:36,UB3B3131,P004,coffee,30
2019-09-07 21:05:13,KA2R2901,P002,strawberry smoothie,40
2019-09-09 18:01:36,MI3R4132,P002,strawberry smoothie,40
2019-09-09 20:31:24,VT9N7861,P004,strawberry smoothie,40
2019-09-10 21:26:39,D[6P5357,P002,coffee,30
2019-09-11 10:57:24,VG2W6753,P004,soda,15
2019-09-13 00:42:58,MP1B2071,P002,coffee,30
2019-09-13 10:07:00,SV8L4882,P005,coffee,30
2019-09-15 17:13:22,TH0X4873,P003,soda,15
2019-09-15 10:04:23,IO4T9392,P002,soda,15
2019-09-17 20:37:24,NZ0A2658,P002,strawberry smoothie,40
2019-09-19 00:56:26,FG6P2547,P005,coffee,30
2019-09-20 23:41:37,IX2B4787,P005,soda,15
2019-09-22 19:58:13,XR5Q5459,P003,soda,15
2019-09-26 05:44:48,KR2O2987,P002,coffee,30
2019-09-27 06:08:10,WX6A3626,P005,strawberry smoothie,40
2019-09-27 03:44:25,AD8D7107,P004,soda,15
2019-10-02 13:56:57,GV9R8148,P002,soda,15
2019-10-03 01:08:34,HJ1N4144,P002,soda,15
2019-10-03 02:05:55,ID3W6026,P004,coffee,30
2019-10-04 00:28:20,IX0I9133,P002,coffee,30
2019-10-06 17:52:36,LC8K4137,P003,soda,15
2019-10-06 09:12:18,BJ0H8797,P001,coffee,30
2019-10-10 09:09:42,AY4I6355,P004,strawberry smoothie,40
2019-10-10 02:52:37,RE9F1955,P003,coffee,30
2019-10-12 15:33:44,JX5[6454,P003,strawberry smoothie,40
2019-10-13 04:49:26,N[8G1620,P002,soda,15
2019-10-13 16:08:26,WH0B8821,P004,strawberry smoothie,40
2019-10-13 03:35:35,NH7M2789,P002,soda,15
2019-10-15 13:07:54,MG8O9402,P005,soda,15
2019-10-17 20:35:09,PY0Y1204,P003,soda,15
2019-10-20 21:41:54,SF7W1233,P004,coffee,30
2019-10-20 20:08:42,GD1Y8074,P001,soda,15
2019-10-21 04:09:27,CK5X6421,P005,coffee,30
2019-10-21 15:24:28,MQ9U1580,P004,soda,15
2019-10-21 12:42:28,PO3V3427,P004,coffee,30
2019-10-25 14:18:39,YE3H1543,P004,coffee,30
2019-10-26 08:02:22,JT9V9785,P001,soda,15
2019-10-26 00:53:45,T[6K9908,P003,coffee,30
2019-10-27 20:28:04,BR2Q2774,P003,coffee,30
2019-10-29 09:32:00,CA2R5361,P003,strawberry smoothie,40
2019-10-30 05:27:33,E[5Z9952,P002,coffee,30
2019-10-31 20:29:48,DP3C8182,P002,coffee,30
2019-11-01 03:09:10,HN3F3467,P001,soda,15
2019-11-04 19:03:04,UP0P9885,P004,coffee,30
2019-11-07 08:12:30,YD4F5517,P003,strawberry smoothie,40
2019-11-07 17:33:25,PM1X7913,P002,soda,15
2019-11-08 00:06:04,WR3N1907,P003,coffee,30
2019-11-09 16:45:55,OS2Z4591,P002,strawberry smoothie,40
2019-11-09 21:45:50,HC0Z5282,P001,coffee,30
2019-11-10 19:55:17,DF3O6193,P003,coffee,30
2019-11-11 05:03:38,FL2U8088,P005,soda,15
2019-11-11 08:05:33,BQ0I9997,P002,coffee,30
2019-11-12 07:25:55,MD7Q2898,P002,strawberry smoothie,40
2019-11-13 18:55:39,PX7X1689,P005,soda,15
2019-11-13 02:08:19,IZ0S3184,P005,coffee,30
2019-11-13 23:31:35,WW3I1568,P004,strawberry smoothie,40
2019-11-19 08:20:18,ST9H9462,P005,soda,15
2019-11-23 17:50:57,UD8U4670,P005,coffee,30
2019-11-23 04:26:06,QJ5N2061,P001,coffee,30
2019-11-24 15:36:57,VT8I7138,P005,strawberry smoothie,40
2019-11-25 06:52:12,HP3Z2446,P003,soda,15
2019-11-25 10:21:24,BY9F5679,P004,coffee,30
2019-11-25 15:52:20,CS2Y3359,P004,strawberry smoothie,40
2019-11-29 16:08:02,WE1O9620,P004,strawberry smoothie,40
2019-11-29 06:51:54,FF7R3776,P003,soda,15
2019-12-01 15:29:10,GR8Q4948,P001,strawberry smoothie,40
2019-12-02 02:54:09,XI0C3509,P005,soda,15
2019-12-03 01:17:01,OM3B6088,P005,coffee,30
2019-12-03 05:25:50,JB6X8135,P001,soda,15
2019-12-05 18:36:25,TM6N9011,P005,coffee,30
2019-12-07 09:16:18,RY6F7761,P001,soda,15
2019-12-08 04:42:59,BV1T8363,P005,coffee,30
2019-12-08 11:08:52,LS8O3357,P002,strawberry smoothie,40
2019-12-11 17:56:27,UZ1L1406,P001,soda,15
2019-12-11 22:52:17,QP9B3628,P001,coffee,30
2019-12-12 12:19:12,EO8I9206,P004,coffee,30
2019-12-13 11:00:49,YL8X5442,P001,soda,15
2019-12-17 15:02:29,IN8R8321,P003,coffee,30
2019-12-19 00:38:09,SS3A1233,P005,coffee,30
2019-12-20 14:03:15,OG1R2017,P002,soda,15
2019-12-20 00:47:55,DC8Z4220,P005,coffee,30
2019-12-21 14:42:33,UD8H6498,P001,soda,15
2019-12-22 05:08:31,WY0A6638,P003,strawberry smoothie,40
2019-12-23 19:22:17,UL0T2650,P001,soda,15
2019-12-23 10:07:09,AD0E1627,P004,strawberry smoothie,40
2019-12-24 04:51:52,UO3O7576,P002,strawberry smoothie,40
2019-12-25 05:24:03,EX8J3823,P003,strawberry smoothie,40
2019-12-27 10:34:10,CN6S5947,P005,soda,15
2019-12-27 11:31:20,IF2Y8268,P005,coffee,30
2019-12-28 16:20:10,MG4X2878,P002,coffee,30
2020-01-02 01:31:26,XR5Q3525,P002,coffee,30
2020-01-03 11:20:32,ZC4S4564,P004,soda,15
2020-01-04 10:44:25,QE7O1132,P005,soda,15
2020-01-06 11:25:57,XW1N9280,P004,coffee,30
2020-01-06 02:44:14,GV4F2143,P005,soda,15
2020-01-06 05:58:06,BJ1D1584,P001,soda,15
2020-01-07 09:10:12,UN2Q5220,P002,coffee,30
2020-01-08 21:19:53,RD2C2682,P002,strawberry smoothie,40
2020-01-09 21:58:14,QB2Z1960,P002,soda,15
2020-01-10 03:48:52,RY6Y4462,P001,strawberry smoothie,40
2020-01-10 13:24:39,SJ0A8354,P002,coffee,30
2020-01-10 20:24:27,QW8G2939,P001,coffee,30
2020-01-10 10:30:20,PN5U1800,P001,coffee,30
2020-01-11 19:51:49,HX3D5999,P001,strawberry smoothie,40
2020-01-13 13:23:36,ML5B4760,P003,coffee,30
2020-01-13 17:24:36,DW9Z6089,P003,strawberry smoothie,40
2020-01-15 23:05:01,KO7L5746,P004,strawberry smoothie,40
2020-01-15 17:05:06,SU1L9225,P005,coffee,30
2020-01-16 06:55:42,KN2Z1491,P002,strawberry smoothie,40
2020-01-16 23:35:59,ET5K4150,P005,strawberry smoothie,40
2020-01-17 11:01:36,JT1X9845,P002,coffee,30
2020-01-17 06:41:09,XD5E5428,P002,strawberry smoothie,40
2020-01-17 07:54:52,KJ4S4349,P003,strawberry smoothie,40
2020-01-19 19:05:20,XN6W9763,P005,strawberry smoothie,40
2020-01-20 14:11:38,ID6A4224,P002,soda,15
2020-01-21 18:14:14,JB0W5867,P003,strawberry smoothie,40
2020-01-23 00:31:12,GP5O9369,P002,coffee,30
2020-01-23 06:27:14,OT0W3203,P004,soda,15
2020-01-23 08:14:51,LZ9V2565,P005,strawberry smoothie,40
2020-01-24 20:05:22,U[6W7015,P004,soda,15
2020-01-25 15:57:30,[D5M7133,P002,strawberry smoothie,40
2020-01-25 08:03:52,PQ3F1883,P001,soda,15
2020-01-25 11:22:01,EQ2T8121,P005,strawberry smoothie,40
2020-01-25 14:50:51,RE0O6204,P002,coffee,30
2020-01-25 12:19:01,QH2V1992,P002,soda,15
2020-01-26 15:34:00,ME7O7447,P001,soda,15
2020-01-27 06:40:10,UJ1S7889,P001,soda,15
2020-01-30 16:18:40,FU6T4471,P002,coffee,30
2020-02-03 05:43:34,HZ8X5614,P001,coffee,30
2020-02-04 09:47:50,AR7Q9891,P004,coffee,30
2020-02-04 16:44:29,[T8Y3958,P001,strawberry smoothie,40
2020-02-04 00:27:34,BP7A5743,P002,soda,15
2020-02-06 10:57:23,UI6T5952,P004,strawberry smoothie,40
2020-02-06 11:15:07,YS9I8190,P003,coffee,30
2020-02-06 20:58:53,OM2T3438,P004,coffee,30
2020-02-07 14:46:52,OE6T3546,P001,soda,15
2020-02-08 21:42:43,BZ9Z2721,P003,coffee,30
2020-02-08 06:41:20,QY7F9598,P005,soda,15
2020-02-10 00:00:50,MC5D3980,P002,soda,15
2020-02-10 04:32:14,UQ0P9782,P001,coffee,30
2020-02-12 02:56:57,TL3N7378,P002,coffee,30
2020-02-12 17:14:15,WB7O7102,P005,strawberry smoothie,40
2020-02-15 08:31:18,TV6Y3029,P004,strawberry smoothie,40
2020-02-16 02:16:43,WB0Z6929,P005,strawberry smoothie,40
2020-02-19 02:53:21,XV5N8701,P005,strawberry smoothie,40
2020-02-19 04:07:15,B[8D6752,P005,soda,15
2020-02-20 07:28:20,LR5Q4148,P005,coffee,30
2020-02-20 12:02:06,VZ6R5862,P004,soda,15
2020-02-20 21:34:21,AT6Y6297,P002,coffee,30
2020-02-20 06:01:59,UU6J8289,P003,coffee,30
2020-02-21 00:14:21,MS6P8403,P002,strawberry smoothie,40
2020-02-22 03:01:08,OD8H7999,P002,soda,15
2020-02-23 11:12:43,UJ8D6495,P002,soda,15
2020-02-24 10:25:49,NI6S2608,P004,soda,15
2020-02-26 17:44:25,BP6J7914,P005,soda,15
2020-02-26 18:15:37,EW6L3247,P001,coffee,30
2020-02-27 13:51:59,MY2X4802,P003,soda,15
2020-02-28 03:53:14,EP9Y5482,P003,soda,15
2020-02-29 06:41:41,CF5G9335,P002,coffee,30
2020-02-29 14:15:58,ON7I4511,P002,soda,15
2020-03-01 14:49:43,RV2S4092,P003,strawberry smoothie,40
2020-03-02 02:24:04,DU7L9891,P005,strawberry smoothie,40
2020-03-03 05:13:54,ZK1F7677,P002,coffee,30
2020-03-06 10:51:38,PS5I5575,P003,strawberry smoothie,40
2020-03-06 11:24:55,BP4A8599,P004,strawberry smoothie,40
2020-03-11 07:08:20,MO5A8928,P002,soda,15
2020-03-12 03:02:58,JT3L8483,P005,soda,15
2020-03-13 23:14:29,[E8U2594,P002,coffee,30
2020-03-14 01:20:45,UV3I4206,P003,strawberry smoothie,40
2020-03-14 02:22:46,VJ8H4855,P004,coffee,30
2020-03-14 03:45:08,SW5M8497,P002,soda,15
2020-03-16 21:47:13,NO6W3481,P005,coffee,30
2020-03-18 11:22:01,AO9[3968,P003,strawberry smoothie,40
2020-03-18 13:16:50,MF0I2548,P002,strawberry smoothie,40
2020-03-19 09:52:26,MZ8Y2023,P005,coffee,30
2020-03-20 19:31:38,YX8C8924,P004,coffee,30
2020-03-22 23:45:11,HA2K3564,P005,soda,15
2020-03-22 14:56:08,PJ6F4568,P005,soda,15
2020-03-24 13:28:54,IY6D5216,P003,strawberry smoothie,40
2020-03-24 19:52:51,KI4C6741,P002,coffee,30
2020-03-25 13:47:01,IG9I8081,P005,coffee,30
2020-03-26 16:22:59,PA9W7231,P001,soda,15
2020-03-30 13:26:34,ZX2V1962,P003,strawberry smoothie,40
2020-03-31 03:08:16,HC0E2594,P001,coffee,30
2020-04-01 20:11:43,EG8S9893,P004,coffee,30
2020-04-02 15:52:22,[N6C8906,P001,coffee,30
2020-04-03 19:04:21,AL5Z8585,P001,soda,15
2020-04-04 22:43:15,SS4[9286,P002,soda,15
2020-04-04 04:06:41,SM3A2114,P001,strawberry smoothie,40
2020-04-05 01:40:02,AB5F1232,P002,strawberry smoothie,40
2020-04-05 11:43:40,NG9G9227,P003,strawberry smoothie,40
2020-04-05 02:03:25,AO2Y7900,P001,soda,15
2020-04-06 09:04:26,BB7R6004,P002,coffee,30
2020-04-07 23:59:01,HJ9V5814,P003,soda,15
2020-04-07 14:08:22,QW4J4762,P002,strawberry smoothie,40
2020-04-08 04:15:46,RL9J4365,P002,coffee,30
2020-04-09 15:43:54,UT7N7923,P004,coffee,30
2020-04-09 18:05:48,RY9U7565,P003,coffee,30
2020-04-11 16:39:24,EP4O6829,P003,coffee,30
2020-04-11 23:08:40,EQ5V3709,P004,soda,15
2020-04-11 11:05:32,MZ7I2213,P003,strawberry smoothie,40
2020-04-11 00:40:42,ES1[3592,P004,coffee,30
2020-04-12 10:40:49,YN1I2420,P005,strawberry smoothie,40
2020-04-13 17:00:34,SU4Y7802,P002,coffee,30
2020-04-14 19:58:44,JY0P9246,P001,strawberry smoothie,40
2020-04-15 04:41:30,XE5B6302,P005,soda,15
2020-04-15 22:15:55,VJ5A5827,P001,coffee,30
2020-04-17 21:44:08,WV2W2913,P002,strawberry smoothie,40
2020-04-18 05:57:31,JA0L6963,P005,strawberry smoothie,40
2020-04-20 08:53:32,WQ3C5584,P003,strawberry smoothie,40
2020-04-20 07:02:29,KH7F1228,P002,coffee,30
2020-04-21 10:16:44,F[6C1976,P004,strawberry smoothie,40
2020-04-26 21:39:02,FX2C6039,P001,soda,15
2020-04-26 02:42:47,QL8Q3693,P003,coffee,30
2020-04-28 06:25:09,DG2W6436,P002,coffee,30
2020-04-28 19:27:21,TI5E2510,P003,soda,15
2020-05-04 10:42:37,EF5Y4086,P004,coffee,30
2020-05-04 15:05:39,UT3D6340,P001,soda,15
2020-05-05 03:44:01,SN3A7572,P003,coffee,30
2020-05-05 00:52:24,VH3E8995,P003,soda,15
2020-05-06 02:14:13,XB5W8569,P001,strawberry smoothie,40
2020-05-06 22:22:42,WM0X3245,P005,strawberry smoothie,40
2020-05-06 02:54:28,NI2W2211,P002,soda,15
2020-05-09 12:36:29,RU8J4504,P004,strawberry smoothie,40
2020-05-11 03:50:32,PX8T4815,P004,strawberry smoothie,40
2020-05-12 14:36:26,YR6W7133,P003,strawberry smoothie,40
2020-05-13 12:08:49,ND3[6271,P005,strawberry smoothie,40
2020-05-14 18:24:52,FV6K3526,P005,strawberry smoothie,40
2020-05-14 19:14:48,BH1Z8858,P001,soda,15
2020-05-14 01:35:54,[L1P6967,P002,coffee,30
2020-05-16 15:20:30,JZ1Q2709,P001,strawberry smoothie,40
2020-05-16 23:35:54,NM3U3917,P005,strawberry smoothie,40
2020-05-16 05:55:26,VX2[2807,P001,coffee,30
2020-05-17 21:00:03,MF3I5513,P001,strawberry smoothie,40
2020-05-18 16:37:23,HU3C3837,P002,soda,15
2020-05-18 14:29:02,IY7M9696,P001,soda,15
2020-05-18 12:30:50,JF1X2089,P002,soda,15
2020-05-19 15:55:47,IK1O3203,P001,coffee,30
2020-05-19 17:33:26,AO4X3634,P003,soda,15
2020-05-20 17:06:28,WH8Z9106,P002,strawberry smoothie,40
2020-05-21 10:29:58,JK6N2198,P005,strawberry smoothie,40
2020-05-22 03:16:04,IW3X5163,P003,soda,15
2020-05-24 17:00:43,AV2S8772,P002,soda,15
2020-05-27 12:55:56,NE4E5166,P004,strawberry smoothie,40
2020-05-29 00:49:42,IU9J3843,P005,strawberry smoothie,40
2020-05-29 06:43:35,TW7S7022,P005,strawberry smoothie,40
2020-05-30 07:49:52,BJ2R6249,P005,coffee,30
2020-05-30 11:20:36,ME8E7947,P004,strawberry smoothie,40
2020-06-02 23:32:42,SP3S8482,P004,soda,15
2020-06-02 03:27:04,PF2W3448,P004,soda,15
2020-06-02 11:25:58,DC3W2081,P003,strawberry smoothie,40
2020-06-03 06:14:21,[F1V4277,P002,soda,15
2020-06-03 05:01:53,PF7J9717,P003,coffee,30
2020-06-05 06:45:49,GD9F7472,P005,strawberry smoothie,40
2020-06-07 18:49:25,IM5Q8208,P001,strawberry smoothie,40
2020-06-14 19:36:38,ZO7X1885,P003,strawberry smoothie,40
2020-06-17 10:38:07,BR5H7636,P004,soda,15
2020-06-17 08:04:54,S[1T2803,P002,coffee,30
2020-06-20 03:22:49,OH9F9190,P004,strawberry smoothie,40
2020-06-20 20:13:19,CL1Z3997,P001,strawberry smoothie,40
2020-06-22 22:53:56,GX8L2697,P004,coffee,30
2020-06-23 20:46:35,FF2U3595,P003,coffee,30
2020-06-23 06:26:59,CY0P4926,P002,strawberry smoothie,40
2020-06-24 20:58:12,GW6K8386,P001,soda,15
2020-06-26 03:40:55,[Z4V6530,P004,soda,15
2020-06-26 00:01:16,PG9I8306,P005,strawberry smoothie,40
2020-06-26 23:23:40,CY8R2133,P002,soda,15
2020-06-27 22:01:27,K[8X7271,P002,strawberry smoothie,40
2020-06-28 17:38:34,N[8J2232,P003,coffee,30
2020-06-29 01:55:46,NH5V9848,P002,coffee,30
2020-06-30 01:28:36,PC7Q4700,P002,strawberry smoothie,40
2020-07-02 03:21:44,CT6O1542,P004,soda,15
2020-07-02 06:05:38,VZ0X9583,P002,strawberry smoothie,40
2020-07-02 01:22:52,TH3Y2179,P002,coffee,30
2020-07-03 16:36:02,YL6I3837,P001,strawberry smoothie,40
2020-07-03 07:01:51,PG0F5833,P005,strawberry smoothie,40
2020-07-04 04:57:22,MG3P9595,P004,soda,15
2020-07-06 03:19:41,EG5A2551,P002,coffee,30
2020-07-07 13:02:36,YM0[2981,P001,strawberry smoothie,40
2020-07-11 07:14:43,IF4T2195,P005,coffee,30
2020-07-13 13:27:31,MO6A8144,P001,strawberry smoothie,40
2020-07-14 22:52:59,FO1V1793,P004,coffee,30
2020-07-15 09:46:59,KZ7[5028,P002,coffee,30
2020-07-15 23:43:13,RD9W9448,P005,soda,15
2020-07-15 08:03:39,R[3L4240,P001,soda,15
2020-07-16 13:58:17,VP0D5417,P002,coffee,30
2020-07-17 14:16:07,RL3L8688,P003,soda,15
2020-07-17 08:59:09,SI7D6058,P002,strawberry smoothie,40
2020-07-18 10:09:04,ZK5L9493,P003,coffee,30
2020-07-19 07:00:41,NV3D5900,P005,coffee,30
2020-07-21 18:17:14,PW8V9359,P003,soda,15
2020-07-22 09:22:05,MN3P1965,P004,strawberry smoothie,40
2020-07-25 15:54:37,OZ8A1137,P001,coffee,30
2020-07-26 03:08:09,BK2V6005,P003,soda,15
2020-07-26 22:29:53,MM2N3641,P002,strawberry smoothie,40
2020-07-30 16:25:01,GQ2C9099,P005,coffee,30
2020-07-31 04:17:31,[M5A2921,P002,coffee,30
2020-07-31 17:04:26,JS0S2805,P001,soda,15
2020-08-01 23:49:38,CH8A6272,P003,soda,15
2020-08-01 22:52:15,TZ8J1456,P005,strawberry smoothie,40
2020-08-03 18:25:47,LN2J4827,P002,coffee,30
2020-08-05 07:45:30,VS3B5132,P002,coffee,30
2020-08-06 20:41:24,QI9D8591,P002,strawberry smoothie,40
2020-08-06 17:37:15,BE3E4862,P005,strawberry smoothie,40
2020-08-07 11:00:30,VJ4Q3631,P002,coffee,30
2020-08-09 18:25:17,XD5N7495,P005,strawberry smoothie,40
2020-08-09 01:48:10,I[5N4802,P004,coffee,30
2020-08-12 07:58:36,GC5V4361,P002,strawberry smoothie,40
2020-08-12 13:27:30,SR8U6022,P003,soda,15
2020-08-13 19:11:01,NA7I5160,P005,soda,15
2020-08-13 17:20:13,ZJ9C9761,P003,strawberry smoothie,40
2020-08-14 01:57:37,BU2N7878,P004,soda,15
2020-08-16 08:39:24,HX5M2920,P001,coffee,30
2020-08-17 19:19:04,DU3[9569,P005,soda,15
2020-08-18 02:53:50,IC2P4172,P002,soda,15
2020-08-20 07:37:00,SR3P6214,P005,soda,15
2020-08-21 22:07:03,DV4J9931,P002,strawberry smoothie,40
2020-08-22 07:31:31,[Z7S7907,P002,coffee,30
2020-08-23 12:57:34,WH5T2094,P002,strawberry smoothie,40
2020-08-24 21:39:50,LM7I1141,P004,soda,15
2020-08-26 23:09:31,DC9[5577,P005,soda,15
2020-08-26 20:29:25,BO0P6250,P003,soda,15
2020-08-30 18:15:39,YB5K7269,P003,coffee,30
2020-08-30 09:00:19,NE8W8393,P001,strawberry smoothie,40
2020-08-31 19:35:08,RA9M4479,P003,coffee,30
2020-08-31 08:20:05,XY4F8422,P004,strawberry smoothie,40
2020-09-02 08:45:23,FH0Q8934,P005,strawberry smoothie,40
2020-09-03 19:14:22,ZF2W1234,P002,soda,15
2020-09-04 08:37:34,OT0N7207,P005,strawberry smoothie,40
2020-09-06 14:02:53,W[8Q2233,P001,strawberry smoothie,40
2020-09-07 03:33:04,BZ3[2854,P003,strawberry smoothie,40
2020-09-10 00:51:48,[M5F8251,P003,coffee,30
2020-09-11 19:59:50,ZL7M8538,P002,soda,15
2020-09-11 19:14:54,GT7[6145,P002,soda,15
2020-09-13 20:34:19,CD9V1748,P002,soda,15
2020-09-14 04:16:21,TJ3U3537,P003,soda,15
2020-09-15 13:54:34,PP2L3046,P002,strawberry smoothie,40
2020-09-16 06:34:22,OZ8J6024,P003,soda,15
2020-09-16 15:12:25,DA7C8884,P001,strawberry smoothie,40
2020-09-17 18:16:56,[H3I4805,P005,coffee,30
2020-09-19 12:11:47,EI8U9334,P001,coffee,30
2020-09-19 11:08:46,RZ3C1874,P004,strawberry smoothie,40
2020-09-21 03:06:08,LB6N6089,P001,soda,15
2020-09-22 06:02:48,QQ0O6612,P003,coffee,30
2020-09-24 20:39:37,KC4A2967,P004,strawberry smoothie,40
2020-09-25 23:32:53,LX4X4929,P004,coffee,30
2020-09-26 19:47:54,OG5T7968,P004,strawberry smoothie,40
2020-09-27 17:37:11,TD3I2718,P004,soda,15
2020-09-28 10:58:17,NR3R4673,P003,soda,15
2020-09-29 06:48:14,IE1K5313,P004,coffee,30
2020-10-01 15:28:01,XK6R8793,P003,soda,15
2020-10-05 01:07:42,BC6R6706,P004,strawberry smoothie,40
2020-10-08 19:02:55,NR2E1990,P005,soda,15
2020-10-10 08:13:18,CX8E5281,P001,soda,15
2020-10-12 09:00:02,WT0C2347,P001,strawberry smoothie,40
2020-10-15 14:05:36,HK9Y3601,P001,coffee,30
2020-10-17 01:33:50,AI5N1972,P001,soda,15
2020-10-19 01:48:21,ZG1N9565,P003,coffee,30
2020-10-20 04:52:54,PK3U5033,P001,strawberry smoothie,40
2020-10-21 23:36:04,LL4J3947,P001,strawberry smoothie,40
2020-10-21 08:31:12,PD9U4897,P001,strawberry smoothie,40
2020-10-22 10:18:20,QU9Y1855,P004,strawberry smoothie,40
2020-10-24 20:46:24,CF2X7432,P003,soda,15
2020-10-24 01:11:06,NB1G2244,P001,coffee,30
2020-10-26 14:04:44,VC4A2235,P004,soda,15
2020-10-26 15:08:20,FA8R4824,P001,soda,15
2020-10-26 05:49:16,GO1E3950,P004,strawberry smoothie,40
2020-10-28 03:53:05,ZY7M4544,P001,strawberry smoothie,40
2020-10-28 05:04:32,AR8I9305,P001,coffee,30
2020-10-28 17:55:39,AZ2A5496,P002,coffee,30
2020-10-29 23:19:23,RQ1M1876,P004,coffee,30
2020-10-30 12:41:11,ZD6Q1717,P003,coffee,30
2020-10-30 16:39:30,GB2Z3454,P004,strawberry smoothie,40
2020-10-30 06:47:37,HU1K9724,P005,strawberry smoothie,40
2020-10-30 23:43:12,BL4Y2993,P003,coffee,30
2020-10-30 06:28:39,KU0O5032,P002,soda,15
2020-11-03 07:37:00,FM2E7469,P001,soda,15
2020-11-03 03:59:27,[N5D4271,P004,soda,15
2020-11-08 16:25:55,WA5V9556,P001,strawberry smoothie,40
2020-11-10 06:57:16,DN6W9307,P001,strawberry smoothie,40
2020-11-10 21:51:50,UB4O7257,P004,coffee,30
2020-11-10 03:19:04,DU4M9348,P002,soda,15
2020-11-13 08:47:20,QL1U9686,P001,coffee,30
2020-11-13 08:46:58,UQ9U5530,P002,strawberry smoothie,40
2020-11-14 13:17:49,NY9L2695,P004,soda,15
2020-11-14 17:02:42,D[2D8690,P001,coffee,30
2020-11-14 11:40:47,HL1K3351,P004,coffee,30
2020-11-15 10:03:09,[W4K9206,P004,strawberry smoothie,40
2020-11-17 20:42:01,[K3Z8224,P001,soda,15
2020-11-17 05:41:04,ME5K7818,P001,strawberry smoothie,40
2020-11-18 23:47:28,LN1K8859,P003,soda,15
2020-11-19 18:29:52,MG7R1905,P001,soda,15
2020-11-20 23:25:41,FK5U2502,P001,strawberry smoothie,40
2020-11-21 00:41:55,UR2Y8320,P004,soda,15
2020-11-23 08:04:15,AS3O8397,P004,coffee,30
2020-11-23 11:46:43,NI3F6466,P004,coffee,30
2020-11-24 03:37:20,TR1R3448,P001,strawberry smoothie,40
2020-11-27 11:56:41,VZ3U9882,P003,coffee,30
2020-11-30 14:52:33,XM2P2664,P003,soda,15
2020-12-01 09:23:10,BB9P7332,P002,soda,15
2020-12-01 19:23:55,TM6E3004,P002,soda,15
2020-12-03 07:08:26,EL7F1388,P001,strawberry smoothie,40
2020-12-04 18:59:02,QZ0Q7564,P003,soda,15
2020-12-06 04:24:34,FW7U2191,P001,coffee,30
2020-12-10 16:29:33,RE4W8732,P002,coffee,30
2020-12-10 13:38:00,UC6O9650,P003,coffee,30
2020-12-10 08:54:56,FK7I1468,P002,coffee,30
2020-12-12 15:27:37,GI2N9222,P004,soda,15
2020-12-12 06:37:06,FM4X8541,P005,strawberry smoothie,40
2020-12-13 07:57:43,KQ2P1897,P005,strawberry smoothie,40
2020-12-13 11:11:07,UU0J1546,P004,strawberry smoothie,40
2020-12-15 04:29:10,FC2G4102,P002,soda,15
2020-12-15 13:32:49,UU6K8961,P004,coffee,30
2020-12-15 09:35:31,ZK0L1115,P001,coffee,30
2020-12-15 09:17:39,UF6F5822,P004,coffee,30
2020-12-15 21:32:34,ZF9J7119,P005,strawberry smoothie,40
2020-12-17 02:40:46,WK0K1776,P001,strawberry smoothie,40
2020-12-17 17:09:01,LX6A7410,P004,soda,15
2020-12-18 17:16:48,GV2[1744,P003,soda,15
2020-12-19 18:49:47,ZQ6K3574,P004,strawberry smoothie,40
2020-12-20 12:10:16,CZ7G6590,P003,coffee,30
2020-12-23 23:35:48,YR1W6097,P003,coffee,30
2020-12-27 21:56:11,YN2C9707,P005,coffee,30
2020-12-28 06:45:44,ZE6R4979,P002,soda,15
2020-12-28 05:13:30,CY3W4545,P003,coffee,30
2020-12-29 01:55:14,YS9Q9812,P003,strawberry smoothie,40
2021-01-02 06:10:41,DZ9Y7757,P004,coffee,30
2021-01-05 23:21:26,[Z1B3766,P005,coffee,30
2021-01-05 22:51:49,CP3A5150,P002,coffee,30
2021-01-06 04:49:26,PI6U3834,P001,coffee,30
2021-01-11 17:14:26,AL5Z6500,P003,soda,15
2021-01-11 17:30:27,KL7G6380,P005,strawberry smoothie,40
2021-01-14 11:52:38,WG5S8513,P001,soda,15
2021-01-16 08:43:23,LX9K8671,P003,coffee,30
2021-01-16 03:50:30,W[9M9617,P003,coffee,30
2021-01-16 05:17:51,IS8K7712,P002,coffee,30
2021-01-16 10:39:35,GA0S3727,P001,soda,15
2021-01-18 17:36:56,XV7P8130,P005,strawberry smoothie,40
2021-01-18 16:16:41,QT0X5949,P001,soda,15
2021-01-19 17:40:04,OR2U1664,P002,strawberry smoothie,40
2021-01-21 05:47:24,QZ2Z1319,P002,coffee,30
2021-01-25 17:06:14,XV8W4478,P003,soda,15
2021-01-25 09:54:56,YD0P6982,P003,coffee,30
2021-01-25 21:28:48,LI2H5564,P005,coffee,30
2021-01-26 17:55:39,QU8E6044,P005,strawberry smoothie,40
2021-01-27 16:11:08,VV3X1976,P001,soda,15
2021-01-27 15:34:36,NO1T2824,P001,coffee,30
2021-01-28 07:50:34,CQ7I4269,P001,strawberry smoothie,40
2021-01-28 09:07:58,LL5W6917,P002,soda,15
2021-01-30 01:33:50,ZM1Z7890,P003,soda,15
2021-01-30 08:25:31,WG4G2520,P001,coffee,30
2021-01-30 13:04:36,ME0Y5643,P005,soda,15
2021-02-01 21:27:15,WD1D7967,P002,soda,15
2021-02-02 02:34:53,SF0V6039,P001,soda,15
2021-02-03 20:15:25,UG4E1887,P004,strawberry smoothie,40
2021-02-08 01:29:18,XX7A1481,P003,coffee,30
2021-02-09 08:40:46,OX3P7241,P002,strawberry smoothie,40
2021-02-10 21:07:16,SA2B7247,P003,soda,15
2021-02-11 04:52:25,BY8M7371,P004,coffee,30
2021-02-13 22:55:51,MY9P5062,P004,strawberry smoothie,40
2021-02-13 03:51:59,GR4I3516,P001,soda,15
2021-02-15 06:59:38,[Q4I4189,P001,coffee,30
2021-02-16 12:42:11,D[4J6582,P005,soda,15
2021-02-18 23:59:23,JX4T7060,P005,coffee,30
2021-02-20 03:52:46,JB5M3338,P005,strawberry smoothie,40
2021-02-21 08:59:57,BL3S6978,P002,soda,15
2021-02-21 00:42:38,JU4A9740,P001,soda,15
2021-02-22 01:44:24,MI0P7163,P003,soda,15
2021-02-22 22:03:56,JP1J6019,P004,strawberry smoothie,40
2021-02-23 04:10:06,EK1P5992,P005,soda,15
2021-02-24 09:23:52,MS0M4361,P004,strawberry smoothie,40
2021-02-25 12:24:08,NL4K7855,P002,soda,15
2021-03-01 18:35:32,QJ8[8405,P005,coffee,30
2021-03-01 11:40:52,MB8Y1227,P002,soda,15
2021-03-01 10:26:05,UX1A4156,P003,soda,15
2021-03-02 14:56:05,DP6Y3547,P004,strawberry smoothie,40
2021-03-02 09:25:39,OS3S4279,P001,coffee,30
2021-03-03 09:42:34,KL1Y6983,P002,soda,15
2021-03-04 12:14:32,WE7F1262,P001,soda,15
2021-03-04 02:00:41,HS9[4433,P005,coffee,30
2021-03-07 12:28:20,NU3Y4522,P003,coffee,30
2021-03-07 11:24:20,SM2I4033,P003,soda,15
2021-03-07 19:39:17,QJ7T3561,P005,soda,15
2021-03-08 01:22:40,VM3F9697,P004,strawberry smoothie,40
2021-03-08 06:09:49,PL0Z7421,P002,soda,15
2021-03-11 21:20:23,KO5Y9542,P004,coffee,30
2021-03-12 05:59:32,VU6A6686,P004,coffee,30
2021-03-13 08:12:26,UJ3P4439,P003,coffee,30
2021-03-13 16:43:37,XT0B4281,P001,strawberry smoothie,40
2021-03-14 03:02:56,NB9V4557,P002,strawberry smoothie,40
2021-03-15 17:32:01,[K6I2492,P005,soda,15
2021-03-17 03:02:55,UT7S6544,P005,soda,15
2021-03-18 07:05:18,GL1M1827,P002,coffee,30
2021-03-19 12:34:06,SJ7S9668,P003,coffee,30
2021-03-19 13:28:15,PC7S6590,P001,soda,15
2021-03-22 03:12:04,OW8N8344,P005,coffee,30
2021-03-22 15:10:58,XC1Q3370,P003,strawberry smoothie,40
2021-03-22 02:04:40,QO3G3320,P002,soda,15
2021-03-26 13:30:48,UP6C1770,P004,soda,15
2021-03-28 21:51:29,GG6V6393,P005,soda,15
2021-03-30 10:12:59,UX9C5154,P003,coffee,30
2021-04-01 18:49:32,XT6A9437,P002,strawberry smoothie,40
2021-04-04 22:44:58,UP5P4662,P004,soda,15
2021-04-06 09:30:02,UT2U3762,P004,coffee,30
2021-04-06 04:07:30,GY6Y8962,P002,strawberry smoothie,40
2021-04-09 16:31:27,NH3H2567,P002,strawberry smoothie,40
2021-04-11 00:47:07,N[7C1739,P001,soda,15
2021-04-11 08:36:29,WS3L1653,P002,strawberry smoothie,40
2021-04-11 12:40:11,[Z9R9287,P002,strawberry smoothie,40
2021-04-11 22:09:18,SL8Y1471,P004,strawberry smoothie,40
2021-04-12 03:27:43,VY4F7072,P002,coffee,30
2021-04-13 10:38:22,PC9C5882,P002,strawberry smoothie,40
2021-04-14 15:26:33,TS3R9614,P004,soda,15
2021-04-18 20:49:34,GW1L3075,P003,coffee,30
2021-04-19 12:19:12,JF2U7011,P002,strawberry smoothie,40
2021-04-19 23:59:22,C[6I4448,P001,strawberry smoothie,40
2021-04-22 23:34:51,HK8L1964,P003,coffee,30
2021-04-22 08:29:45,UK8F5340,P004,soda,15
2021-04-22 03:36:49,TR2A5959,P003,soda,15
2021-04-23 13:13:55,TZ0S2474,P005,soda,15
2021-04-23 20:32:49,OJ0B7262,P004,strawberry smoothie,40
2021-04-25 22:38:30,QP2Y8144,P005,strawberry smoothie,40
2021-04-25 06:19:00,H[1C2959,P003,coffee,30
2021-04-26 17:03:50,RS2C4137,P005,strawberry smoothie,40
2021-04-28 03:04:17,ZL8L5067,P001,strawberry smoothie,40
2021-04-30 18:13:47,TO5O4433,P005,soda,15
2021-05-01 08:41:02,KF7V4124,P005,strawberry smoothie,40
2021-05-01 07:53:35,AG7I1758,P004,strawberry smoothie,40
2021-05-03 07:24:17,DV8G5208,P004,soda,15
2021-05-04 11:22:37,EM7Y1213,P004,strawberry smoothie,40
2021-05-05 05:28:20,[L0[3634,P002,soda,15
2021-05-06 03:54:03,MI9L9600,P002,strawberry smoothie,40
2021-05-06 18:01:48,RX7V2401,P005,coffee,30
2021-05-07 09:47:06,XD2R3975,P005,soda,15
2021-05-07 10:31:45,MF1Z3405,P003,soda,15
2021-05-08 13:30:51,DC9Y7284,P002,coffee,30
2021-05-12 10:15:39,WN5T6141,P002,strawberry smoothie,40
2021-05-14 03:48:16,UC8X7519,P005,soda,15
2021-05-18 11:03:27,JA9[2565,P003,coffee,30
2021-05-22 09:48:26,O[8Z7612,P001,soda,15
2021-05-24 06:05:56,FH6L3997,P002,coffee,30
2021-05-26 06:29:40,PY1D6597,P003,strawberry smoothie,40
2021-05-27 08:57:56,XY6L9657,P005,strawberry smoothie,40
2021-05-27 07:28:19,TM6T3887,P001,coffee,30
2021-05-27 11:30:58,WU7R7809,P002,coffee,30
2021-05-28 23:02:13,DS2O3885,P003,strawberry smoothie,40
2021-05-30 11:33:17,DH1K3323,P005,coffee,30
2021-05-31 08:54:48,OE6Q7391,P004,coffee,30
2021-06-01 17:56:26,JZ8X3556,P002,strawberry smoothie,40
2021-06-01 07:41:01,AI5W6226,P001,soda,15
2021-06-02 10:35:32,[V9[5134,P003,soda,15
2021-06-02 06:25:09,FR7K4975,P001,strawberry smoothie,40
2021-06-02 13:20:15,EC9P4389,P003,soda,15
2021-06-03 05:42:38,BX6Z9482,P003,coffee,30
2021-06-03 03:42:10,AJ7L1868,P002,strawberry smoothie,40
2021-06-03 14:20:21,HM3Y3293,P005,coffee,30
2021-06-04 10:32:46,XG8L8240,P002,soda,15
2021-06-05 21:37:03,KP8X3545,P004,strawberry smoothie,40
2021-06-05 16:20:44,GB1K7919,P001,coffee,30
2021-06-08 12:47:58,LU0J6791,P005,coffee,30
2021-06-09 02:19:09,YG2D6769,P005,strawberry smoothie,40
2021-06-09 20:47:45,WV1Y2199,P005,coffee,30
2021-06-12 14:09:33,KV6O1219,P001,strawberry smoothie,40
2021-06-12 14:51:34,BI2X4796,P005,coffee,30
2021-06-13 09:04:16,SU9D6117,P001,coffee,30
2021-06-14 22:37:20,OH1C5179,P001,strawberry smoothie,40
2021-06-16 03:21:46,EX7I6552,P005,strawberry smoothie,40
2021-06-19 09:41:47,JG7T7246,P005,strawberry smoothie,40
2021-06-23 09:36:41,T[7T8415,P003,strawberry smoothie,40
2021-06-23 11:07:13,SG2N3991,P004,strawberry smoothie,40
2021-06-24 03:14:27,ZQ3A2486,P005,soda,15
2021-06-26 11:20:15,SO5F4393,P004,soda,15
2021-06-27 18:23:34,[Z7H6250,P003,coffee,30
2021-06-30 22:40:03,CE7A1925,P005,coffee,30
2021-07-01 01:52:01,ZG8W4011,P004,soda,15
2021-07-02 05:07:42,UE6K1325,P001,soda,15
2021-07-03 13:29:51,JY9Q2849,P003,coffee,30
2021-07-03 20:15:58,LS2Y5941,P001,coffee,30
2021-07-05 21:03:20,EW7X3729,P001,soda,15
2021-07-05 18:56:30,XZ8O1217,P003,soda,15
2021-07-06 01:16:00,TR5Q8907,P001,soda,15
2021-07-07 04:27:18,WJ3M9088,P005,soda,15
2021-07-08 08:02:46,LF2M4766,P004,coffee,30
2021-07-08 23:48:30,WD5W8143,P005,strawberry smoothie,40
2021-07-09 18:50:44,WZ5I8808,P002,strawberry smoothie,40
2021-07-11 13:20:22,OP6T9145,P002,coffee,30
2021-07-12 21:36:10,WV9N4513,P003,strawberry smoothie,40
2021-07-12 12:34:06,SJ4J4446,P004,coffee,30
2021-07-14 09:39:01,KV9V9325,P002,strawberry smoothie,40
2021-07-15 09:04:20,NX9P8934,P004,coffee,30
2021-07-16 07:15:49,HB8G1222,P005,coffee,30
2021-07-17 01:35:59,RG8S8020,P004,coffee,30
2021-07-17 04:48:32,CP8F5473,P005,soda,15
2021-07-18 14:44:32,JY2A9069,P001,strawberry smoothie,40
2021-07-18 18:05:44,RD6R8575,P003,soda,15
2021-07-18 14:35:38,HB1I2039,P002,coffee,30
2021-07-19 23:40:11,SK8M3220,P001,soda,15
2021-07-20 04:26:52,YX8G4654,P001,coffee,30
2021-07-22 15:37:14,IZ9B7927,P003,strawberry smoothie,40
2021-07-22 09:52:02,WJ9U1397,P001,coffee,30
2021-07-24 12:21:01,YW1N6598,P003,coffee,30
2021-07-25 00:20:32,TU3A3705,P002,soda,15
2021-07-26 14:53:31,YG3A4129,P003,strawberry smoothie,40
2021-07-26 14:59:11,ZZ6C4314,P003,soda,15
2021-07-26 01:34:32,HH1L5368,P005,soda,15
2021-07-28 03:10:21,CQ5O6729,P003,soda,15
2021-08-02 01:57:01,HE0A1950,P001,strawberry smoothie,40
2021-08-03 13:10:49,WK9P2280,P004,strawberry smoothie,40
2021-08-04 13:58:41,FG4D5885,P003,strawberry smoothie,40
2021-08-05 07:02:01,IY4I2991,P005,strawberry smoothie,40
2021-08-05 10:27:07,RF3C5738,P001,soda,15
2021-08-06 15:19:03,PP3C1767,P003,coffee,30
2021-08-07 14:58:34,LL2R2819,P005,strawberry smoothie,40
2021-08-07 07:28:35,VM2S6253,P003,soda,15
2021-08-08 08:35:23,KH1X6626,P005,strawberry smoothie,40
2021-08-09 13:28:44,DZ5B1943,P001,strawberry smoothie,40
2021-08-13 20:25:14,HJ4P8471,P002,soda,15
2021-08-13 02:30:44,CE6M7784,P002,strawberry smoothie,40
2021-08-13 11:22:57,QS7X4035,P005,soda,15
2021-08-14 11:07:05,GB1[1490,P002,coffee,30
2021-08-14 03:30:34,OM9U2724,P003,coffee,30
2021-08-17 18:00:15,GP7J7870,P004,coffee,30
2021-08-18 16:23:30,YL9C1460,P003,coffee,30
2021-08-19 04:46:08,AO0Z1289,P001,soda,15
2021-08-21 02:24:39,WQ3J9756,P001,strawberry smoothie,40
2021-08-21 11:56:36,RI8E1667,P002,soda,15
2021-08-22 21:21:05,ZA0R1823,P005,soda,15
2021-08-23 05:33:06,UF7I2250,P004,soda,15
2021-08-24 07:48:37,GE4M6458,P005,coffee,30
2021-08-24 20:56:19,HB4P7200,P002,strawberry smoothie,40
2021-08-25 12:36:49,[W0O8676,P002,soda,15
2021-08-26 02:00:35,NZ6[7691,P002,strawberry smoothie,40
2021-08-27 10:45:25,NY0T9140,P002,strawberry smoothie,40
2021-08-27 13:21:33,PA7K9378,P001,coffee,30
2021-08-28 09:53:57,YB2B1458,P001,soda,15
2021-08-28 07:19:41,BJ1I8280,P001,strawberry smoothie,40
2021-08-28 04:59:40,TZ0A1358,P003,coffee,30
2021-08-30 08:13:19,CG3Z9923,P003,strawberry smoothie,40
2021-08-30 01:16:19,MK8D7967,P001,strawberry smoothie,40
2021-08-31 00:03:26,LP9B2348,P001,strawberry smoothie,40
2021-08-31 11:11:36,[T0X2670,P005,strawberry smoothie,40
2021-09-01 21:39:49,JE7O4994,P005,soda,15
2021-09-01 14:51:26,LJ7F4708,P004,soda,15
2021-09-05 01:32:13,RA2U6125,P004,strawberry smoothie,40
2021-09-06 03:11:29,VC1K8965,P005,coffee,30
2021-09-06 12:39:23,KH3Z7888,P001,strawberry smoothie,40
2021-09-06 04:45:47,CE3K4184,P004,coffee,30
2021-09-07 13:24:04,JF6Q1725,P005,soda,15
2021-09-07 04:14:28,EP5W6738,P003,coffee,30
2021-09-08 01:02:01,NF2Z4437,P001,coffee,30
2021-09-08 23:59:02,AJ5C1556,P003,coffee,30
2021-09-10 18:51:11,DV3Y7087,P002,coffee,30
2021-09-12 21:12:31,ZX7W4598,P004,coffee,30
2021-09-12 05:38:57,TW4Z9530,P002,coffee,30
2021-09-15 16:29:58,QW3U9731,P001,strawberry smoothie,40
2021-09-15 15:20:45,WS0Q3181,P004,coffee,30
2021-09-16 22:01:32,RU4K1849,P004,strawberry smoothie,40
2021-09-16 17:47:12,GI9[8632,P004,coffee,30
2021-09-18 09:12:48,LZ4M4624,P005,soda,15
2021-09-20 21:24:55,RW8Q3832,P001,strawberry smoothie,40
2021-09-21 16:06:11,WA9B8963,P003,soda,15
2021-09-21 01:02:25,UC8J2464,P004,strawberry smoothie,40
2021-09-22 04:25:24,TU5D5903,P003,soda,15
2021-09-22 12:37:28,GE5V2973,P005,soda,15
2021-09-22 03:57:20,ON7X9825,P005,coffee,30
2021-09-23 10:26:34,IF6M7344,P004,coffee,30
2021-09-23 02:25:08,CV8W6510,P001,soda,15
2021-09-23 08:37:36,SR0Q1385,P002,soda,15
2021-09-24 09:33:08,FT2F6532,P001,soda,15
2021-09-25 21:47:18,PU7E3826,P005,soda,15
2021-09-26 01:53:33,ZW5I4479,P002,strawberry smoothie,40
2021-09-26 16:34:17,JV1U7008,P003,soda,15
2021-09-26 18:47:29,WK1M7753,P002,soda,15
2021-09-27 11:06:24,CF0[5956,P004,strawberry smoothie,40
2021-09-27 06:44:23,PH7E7090,P005,strawberry smoothie,40
2021-09-29 01:37:35,ZJ0S2473,P003,strawberry smoothie,40
2021-09-29 02:44:16,AK0R3577,P001,soda,15
2021-09-30 08:13:35,DB5U5258,P001,strawberry smoothie,40
2021-09-30 06:58:24,HV4D2260,P002,soda,15
2021-10-01 15:34:28,BI6[9445,P005,strawberry smoothie,40
2021-10-01 20:49:14,DF5S9449,P001,soda,15
2021-10-03 17:11:02,GG7E9224,P002,coffee,30
2021-10-03 14:46:38,PY6I9686,P004,strawberry smoothie,40
2021-10-04 03:52:28,GF1R2712,P005,strawberry smoothie,40
2021-10-04 23:15:31,ZG5I5838,P004,soda,15
2021-10-04 12:12:22,IG7S4257,P001,coffee,30
2021-10-05 10:55:21,RS0[5965,P003,strawberry smoothie,40
2021-10-06 05:50:10,PM1E5922,P002,soda,15
2021-10-06 11:16:18,JH1K4424,P004,soda,15
2021-10-07 03:11:45,UQ7D7630,P005,coffee,30
2021-10-09 09:04:29,IS6Q9493,P004,soda,15
2021-10-11 15:12:47,Y[3O6903,P005,coffee,30
2021-10-12 11:19:56,ZR1J3541,P002,soda,15
2021-10-15 01:03:36,VW7[8882,P003,strawberry smoothie,40
2021-10-16 07:28:46,YW4N9283,P001,strawberry smoothie,40
2021-10-18 13:43:12,OM5T6490,P003,coffee,30
2021-10-18 04:38:57,BN0Z6050,P004,strawberry smoothie,40
2021-10-19 15:09:01,[U4U4840,P004,coffee,30
2021-10-21 19:24:43,FK8N1771,P002,strawberry smoothie,40
2021-10-26 20:31:29,RD7N6036,P002,strawberry smoothie,40
2021-10-27 11:10:53,LC3Y4728,P001,strawberry smoothie,40
2021-10-28 22:58:48,TY5[5411,P005,soda,15
2021-10-30 17:57:12,LG3O1743,P004,coffee,30
2021-10-30 19:31:27,XF8E5729,P001,soda,15
2021-11-01 16:42:40,BE6M8488,P002,strawberry smoothie,40
2021-11-02 01:13:27,HX9E1117,P004,soda,15
2021-11-02 14:01:16,DW1U7458,P002,soda,15
2021-11-06 03:22:02,QU4N9511,P005,strawberry smoothie,40
2021-11-07 00:10:47,ZW6J1362,P003,soda,15
2021-11-07 06:12:32,QF5K6354,P003,soda,15
2021-11-08 00:59:17,KV2K8698,P002,strawberry smoothie,40
2021-11-08 16:49:53,EZ0O8788,P005,coffee,30
2021-11-09 03:13:03,KR0S8758,P001,strawberry smoothie,40
2021-11-13 21:33:36,OW7O7134,P005,strawberry smoothie,40
2021-11-13 04:19:44,RM7A2365,P002,soda,15
2021-11-14 13:52:38,XI3X9196,P001,strawberry smoothie,40
2021-11-17 10:10:00,GK6T6912,P005,strawberry smoothie,40
2021-11-17 06:03:25,GV7D9623,P002,soda,15
2021-11-17 17:18:38,RO4U2812,P001,soda,15
2021-11-18 13:40:42,ZG1N1501,P004,strawberry smoothie,40
2021-11-18 09:04:38,[E5F2935,P005,soda,15
2021-11-19 20:31:59,QS5X5782,P001,soda,15
2021-11-20 17:43:47,OE1I3814,P002,soda,15
2021-11-21 07:37:12,MX7H9651,P003,strawberry smoothie,40
2021-11-21 23:13:52,TV1E1129,P001,soda,15
2021-11-22 04:23:54,[V2B9035,P002,soda,15
2021-11-22 06:58:43,LR3J3543,P004,soda,15
2021-11-22 20:22:58,S[4Q1729,P002,coffee,30
2021-11-23 06:07:58,RW2P4188,P005,strawberry smoothie,40
2021-11-23 17:26:37,OZ9H6760,P001,strawberry smoothie,40
2021-11-23 02:07:48,YN1K3084,P005,soda,15
2021-11-24 19:20:10,MC2T3463,P001,strawberry smoothie,40
2021-11-25 07:39:16,VA7[3742,P004,coffee,30
2021-11-26 08:47:07,FH6N4212,P001,strawberry smoothie,40
2021-11-26 01:12:41,TB7V4093,P002,strawberry smoothie,40
2021-11-27 15:30:44,[V3B1781,P001,soda,15
2021-11-27 07:59:03,SF1L4592,P003,soda,15
2021-11-28 13:27:22,AU2H9049,P005,strawberry smoothie,40
2021-11-29 17:01:23,EG4U9695,P004,strawberry smoothie,40
2021-12-01 03:27:11,QT0O9611,P001,strawberry smoothie,40
2021-12-02 02:28:47,[K8L3944,P002,soda,15
2021-12-02 20:39:50,ER1G9386,P005,soda,15
2021-12-03 00:33:33,PI8O1399,P004,coffee,30
2021-12-03 14:20:20,ND8I2086,P005,soda,15
2021-12-04 20:19:39,HX3Y3127,P005,soda,15
2021-12-04 02:55:38,LK2S2309,P002,strawberry smoothie,40
2021-12-04 23:49:07,ID4I4656,P004,strawberry smoothie,40
2021-12-05 22:52:05,RK2J8766,P003,soda,15
2021-12-05 11:01:19,ND0L9793,P004,strawberry smoothie,40
2021-12-05 12:55:04,QK0B9337,P003,soda,15
2021-12-06 04:09:47,PN8V2476,P005,soda,15
2021-12-07 19:45:38,NZ3J2787,P004,strawberry smoothie,40
2021-12-08 18:07:56,KC3V4550,P001,soda,15
2021-12-13 22:14:42,BJ0L4037,P001,soda,15
2021-12-15 13:12:49,JN6R3158,P002,soda,15
2021-12-17 01:59:48,LQ4R6334,P002,strawberry smoothie,40
2021-12-17 08:57:17,ZE3T4831,P002,coffee,30
2021-12-17 21:37:02,JX5J8156,P003,soda,15
2021-12-18 21:19:34,CH4B2738,P002,soda,15
2021-12-18 12:13:17,HH3E3072,P004,coffee,30
2021-12-19 16:25:20,JH5P2793,P005,soda,15
2021-12-19 14:56:55,TH0M9316,P002,strawberry smoothie,40
2021-12-19 12:13:20,QJ9A5267,P002,strawberry smoothie,40
2021-12-22 02:08:34,YT9J5953,P005,soda,15
2021-12-22 23:01:30,CK2G5199,P002,soda,15
2021-12-22 22:09:26,ZQ7D2028,P001,coffee,30
2021-12-22 14:38:18,XA6F6709,P004,coffee,30
2021-12-23 21:52:17,ET6F6908,P001,coffee,30
2021-12-26 15:12:52,RE3P3946,P001,coffee,30
2021-12-27 05:37:45,RF0S2681,P002,strawberry smoothie,40
2021-12-28 18:01:17,[S8Q8819,P001,coffee,30
2021-12-28 04:30:14,IJ6B4438,P004,soda,15
2021-12-30 00:04:01,EJ2R8286,P004,soda,15
2021-12-31 06:07:04,YZ7N2279,P005,soda,15
